-- ============================================================
-- 社員寮管理システム — 完全データ投入スクリプト
-- 根拠：寮割_サンプル_A.xlsx（2026年4月度）
-- 寮 14件 / 部屋 41件 / 入居記録 39件
-- 生成日：2026-06-06
-- ============================================================

SET NAMES utf8mb4;
SET FOREIGN_KEY_CHECKS = 0;

-- ① 全テーブルリセット（FK逆順）
TRUNCATE TABLE `fees`;
TRUNCATE TABLE `equipment_storage`;
TRUNCATE TABLE `equipment_processes`;
TRUNCATE TABLE `equipment`;
TRUNCATE TABLE `residence_histories`;
TRUNCATE TABLE `rooms`;
TRUNCATE TABLE `dormitories`;
TRUNCATE TABLE `departments`;
TRUNCATE TABLE `regions`;
TRUNCATE TABLE `operation_logs`;
TRUNCATE TABLE `sys_users`;

SET FOREIGN_KEY_CHECKS = 1;

-- ============================================================
-- regions（2件）
-- ============================================================
INSERT INTO `regions` (`id`, `name`, `sort_order`, `created_at`, `updated_at`) VALUES
(1, '東京', 1, '2026-04-01 09:00:00', '2026-04-01 09:00:00'),
(2, '大阪', 2, '2026-04-01 09:00:00', '2026-04-01 09:00:00');

-- ============================================================
-- departments（4件）
-- Excel「所属」列より：瀋陽 / CDXT / 社員 / 大連
-- ============================================================
INSERT INTO `departments` (`id`, `name`, `sort_order`, `created_at`, `updated_at`) VALUES
(1, '瀋陽',  1, '2026-04-01 09:00:00', '2026-04-01 09:00:00'),
(2, 'CDXT', 2, '2026-04-01 09:00:00', '2026-04-01 09:00:00'),
(3, '社員',  3, '2026-04-01 09:00:00', '2026-04-01 09:00:00'),
(4, '大連',  4, '2026-04-01 09:00:00', '2026-04-01 09:00:00');

-- ============================================================
-- dormitories（14件）
-- daily_rate は各寮の基準寮費（エアコン無し洋室）
-- ============================================================
INSERT INTO `dormitories`
  (`id`, `region_id`, `name`, `dormitory_type`, `address`, `daily_rate`, `sort_order`, `version`, `created_at`, `updated_at`)
VALUES
(1,  1, '豊洲C寮',  'mixed', '東京都江東区豊洲４－１０－４号棟－８０２',                                   1500.00,  1, 1, '2026-04-01 09:00:00', '2026-04-01 09:00:00'),
(2,  1, '豊洲D寮',  'mixed', '東京都江東区豊洲４－１０－４号棟－９１０',                                   1500.00,  2, 1, '2026-04-01 09:00:00', '2026-04-01 09:00:00'),
(3,  1, '豊洲H寮',  'mixed', '東京都江東区豊洲４－１０－４号棟－１３０６',                                 1500.00,  3, 1, '2026-04-01 09:00:00', '2026-04-01 09:00:00'),
(4,  1, '豊洲Ｉ寮', 'mixed', '東京都江東区豊洲４－１０－４号棟－３０８',                                   1500.00,  4, 1, '2026-04-01 09:00:00', '2026-04-01 09:00:00'),
(5,  1, '大島C寮',  'mixed', '東京都江東区大島6-1-5号棟519号室',                                          1300.00,  5, 1, '2026-04-01 09:00:00', '2026-04-01 09:00:00'),
(6,  1, '大島D寮',  'mixed', '東京都江東区大島6-1-5号棟1204号室',                                         1200.00,  6, 1, '2026-04-01 09:00:00', '2026-04-01 09:00:00'),
(7,  1, '大島E寮',  'mixed', '東京都江東区大島6-1-5号棟626号室',                                          1200.00,  7, 1, '2026-04-01 09:00:00', '2026-04-01 09:00:00'),
(8,  1, '大島F寮',  'mixed', '東京都江東区大島6-1-5号棟1401号室',                                         1200.00,  8, 1, '2026-04-01 09:00:00', '2026-04-01 09:00:00'),
(9,  1, '大島G寮',  'mixed', '東京都江東区大島6-1-5号棟1335号室',                                         1200.00,  9, 1, '2026-04-01 09:00:00', '2026-04-01 09:00:00'),
(10, 1, '大島H寮',  'mixed', '東京都江東区大島6-1-5号棟416号室',                                          1300.00, 10, 1, '2026-04-01 09:00:00', '2026-04-01 09:00:00'),
(11, 1, '青砥A寮',  'mixed', '東京都葛飾区青戸3-11-2-615',                                               1200.00, 11, 1, '2026-04-01 09:00:00', '2026-04-01 09:00:00'),
(12, 2, '大阪B寮',  'mixed', '大阪府大阪市城東区森之宮１丁目UR森之宮団地4号棟-619',                        1400.00, 12, 1, '2026-04-01 09:00:00', '2026-04-01 09:00:00'),
(13, 2, '大阪C寮',  'mixed', '大阪府大阪市城東区森之宮１丁目UR森之宮第一団地1号棟-1110',                   1400.00, 13, 1, '2026-04-01 09:00:00', '2026-04-01 09:00:00'),
(14, 2, '大阪D寮',  'mixed', '大阪府大阪市城東区森之宮２丁目UR森之宮第二団地9号棟-1807',                   1400.00, 14, 1, '2026-04-01 09:00:00', '2026-04-01 09:00:00');

-- ============================================================
-- rooms（41件）
-- 命名規則：[部屋タイプ][入居者名]  空室は [部屋タイプ](空室)
-- ============================================================
INSERT INTO `rooms` (`id`, `dormitory_id`, `name`, `capacity`, `version`, `created_at`, `updated_at`) VALUES
-- 豊洲C寮（dormitory_id=1）
( 1,  1, '洋室A',        1, 1, '2026-04-01 09:00:00', '2026-04-01 09:00:00'),
( 2,  1, '洋室B',        1, 1, '2026-04-01 09:00:00', '2026-04-01 09:00:00'),
( 3,  1, '手前洋室C',    1, 1, '2026-04-01 09:00:00', '2026-04-01 09:00:00'),
( 4,  1, '手前洋室D',    1, 1, '2026-04-01 09:00:00', '2026-04-01 09:00:00'),
-- 豊洲D寮（dormitory_id=2）
( 5,  2, '洋室E',        1, 1, '2026-04-01 09:00:00', '2026-04-01 09:00:00'),
( 6,  2, '洋室F',        1, 1, '2026-04-01 09:00:00', '2026-04-01 09:00:00'),
( 7,  2, '洋室G',        1, 1, '2026-04-01 09:00:00', '2026-04-01 09:00:00'),
( 8,  2, '手前洋室H',    1, 1, '2026-04-01 09:00:00', '2026-04-01 09:00:00'),
-- 豊洲H寮（dormitory_id=3）
( 9,  3, '洋室I',        1, 1, '2026-04-01 09:00:00', '2026-04-01 09:00:00'),
(10,  3, '洋室J',        1, 1, '2026-04-01 09:00:00', '2026-04-01 09:00:00'),
(11,  3, '手前洋室K',    1, 1, '2026-04-01 09:00:00', '2026-04-01 09:00:00'),
-- 豊洲Ｉ寮（dormitory_id=4）
(12,  4, '洋室L',        1, 1, '2026-04-01 09:00:00', '2026-04-01 09:00:00'),
(13,  4, '手前洋室M',    1, 1, '2026-04-01 09:00:00', '2026-04-01 09:00:00'),
(14,  4, '洋室N',        1, 1, '2026-04-01 09:00:00', '2026-04-01 09:00:00'),
-- 大島C寮（dormitory_id=5）
(15,  5, '中和室O',      1, 1, '2026-04-01 09:00:00', '2026-04-01 09:00:00'),
(16,  5, '洋室P',        1, 1, '2026-04-01 09:00:00', '2026-04-01 09:00:00'),
(17,  5, '小和室Q',      1, 1, '2026-04-01 09:00:00', '2026-04-01 09:00:00'),
-- 大島D寮（dormitory_id=6）
(18,  6, '洋室R',        1, 1, '2026-04-01 09:00:00', '2026-04-01 09:00:00'),
(19,  6, '小和室S',      1, 1, '2026-04-01 09:00:00', '2026-04-01 09:00:00'),
(20,  6, '中和室(空室)', 1, 1, '2026-04-01 09:00:00', '2026-04-01 09:00:00'),
-- 大島E寮（dormitory_id=7）
(21,  7, '洋室T',        1, 1, '2026-04-01 09:00:00', '2026-04-01 09:00:00'),
(22,  7, '小和室U',      1, 1, '2026-04-01 09:00:00', '2026-04-01 09:00:00'),
(23,  7, '小和室V',      1, 1, '2026-04-01 09:00:00', '2026-04-01 09:00:00'),
(24,  7, '中和室W',      1, 1, '2026-04-01 09:00:00', '2026-04-01 09:00:00'),
-- 大島F寮（dormitory_id=8）
(25,  8, '中和室X',      1, 1, '2026-04-01 09:00:00', '2026-04-01 09:00:00'),
(26,  8, '洋室Y',        1, 1, '2026-04-01 09:00:00', '2026-04-01 09:00:00'),
(27,  8, '小部屋Z',      1, 1, '2026-04-01 09:00:00', '2026-04-01 09:00:00'),
-- 大島G寮（dormitory_id=9）
(28,  9, '中和室AA',     1, 1, '2026-04-01 09:00:00', '2026-04-01 09:00:00'),
(29,  9, '洋室(空室)',   1, 1, '2026-04-01 09:00:00', '2026-04-01 09:00:00'),
(30,  9, '小部屋AB',     1, 1, '2026-04-01 09:00:00', '2026-04-01 09:00:00'),
-- 大島H寮（dormitory_id=10）
(31, 10, '中和室AC',     1, 1, '2026-04-01 09:00:00', '2026-04-01 09:00:00'),
(32, 10, '中和室AD',     1, 1, '2026-04-01 09:00:00', '2026-04-01 09:00:00'),
(33, 10, '洋室AE',       1, 1, '2026-04-01 09:00:00', '2026-04-01 09:00:00'),
(34, 10, '洋室AF',       1, 1, '2026-04-01 09:00:00', '2026-04-01 09:00:00'),
(35, 10, '小部屋AG',     1, 1, '2026-04-01 09:00:00', '2026-04-01 09:00:00'),
-- 青砥A寮（dormitory_id=11）
(36, 11, '中和室AH',     1, 1, '2026-04-01 09:00:00', '2026-04-01 09:00:00'),
(37, 11, '洋室AI',       1, 1, '2026-04-01 09:00:00', '2026-04-01 09:00:00'),
(38, 11, '小部屋AJ',     1, 1, '2026-04-01 09:00:00', '2026-04-01 09:00:00'),
-- 大阪B寮（dormitory_id=12）
(39, 12, '洋室AK',       1, 1, '2026-04-01 09:00:00', '2026-04-01 09:00:00'),
-- 大阪C寮（dormitory_id=13）
(40, 13, '洋室AL',       1, 1, '2026-04-01 09:00:00', '2026-04-01 09:00:00'),
-- 大阪D寮（dormitory_id=14）
(41, 14, '洋室AM',       1, 1, '2026-04-01 09:00:00', '2026-04-01 09:00:00');

-- ============================================================
-- residence_histories（39件）
-- check_out_date  : 退寮済みの場合は実績日、在寮中は NULL
-- planned_checkout_date : 退寮予定日（Excel「退寮日」列）
-- is_responsible  : 各寮の最長在寮者 or 代表者を 1 に設定
-- ============================================================
INSERT INTO `residence_histories`
  (`id`, `room_id`, `department_id`, `resident_name`, `employee_id`, `gender`,
   `check_in_date`, `check_out_date`, `planned_checkout_date`,
   `is_responsible`, `remarks`, `version`, `created_at`, `updated_at`)
VALUES
-- ── 豊洲C寮 ──────────────────────────────────────────────
( 1,  1, 1, 'A',  NULL, NULL, '2025-11-30', '2026-04-22', '2026-04-22', 0, '瀋陽/2事業部 洋室 エアコン無 寮費1500',        1, '2025-11-30 10:00:00', '2026-04-22 10:00:00'),
( 2,  2, 2, 'B',  NULL, NULL, '2024-08-30', NULL,          NULL,          1, 'CDXT/1事業部 洋室 エアコン有 寮費1700',        1, '2024-08-30 10:00:00', '2024-08-30 10:00:00'),
( 3,  3, 1, 'C',  NULL, NULL, '2026-01-04', '2026-04-01', '2026-04-01', 0, '瀋陽/2事業部 手前洋室 エアコン無 寮費1200',    1, '2026-01-04 10:00:00', '2026-04-01 10:00:00'),
( 4,  4, 3, 'D',  NULL, NULL, '2026-04-05', NULL,          NULL,          0, '社員/1事業部 手前洋室 エアコン無 寮費1200',    1, '2026-04-05 10:00:00', '2026-04-05 10:00:00'),
-- ── 豊洲D寮 ──────────────────────────────────────────────
( 5,  5, 1, 'E',  NULL, NULL, '2026-03-01', NULL,          '2026-07-31', 0, '瀋陽/2事業部 洋室 エアコン有 寮費1700',        1, '2026-03-01 10:00:00', '2026-03-01 10:00:00'),
( 6,  6, 1, 'F',  NULL, NULL, '2025-06-30', '2026-04-22', '2026-04-22', 0, '瀋陽/2事業部 洋室 エアコン無 寮費1500',        1, '2025-06-30 10:00:00', '2026-04-22 10:00:00'),
( 7,  7, 1, 'G',  NULL, NULL, '2026-04-22', NULL,          '2026-07-01', 0, '瀋陽/2事業部 洋室 エアコン無 寮費1500',        1, '2026-04-22 10:00:00', '2026-04-22 10:00:00'),
( 8,  8, 3, 'H',  NULL, NULL, '2024-07-04', NULL,          NULL,          1, '社員/1事業部 手前洋室 エアコン無 寮費1200',    1, '2024-07-04 10:00:00', '2024-07-04 10:00:00'),
-- ── 豊洲H寮 ──────────────────────────────────────────────
( 9,  9, 3, 'I',  NULL, NULL, '2023-09-02', NULL,          NULL,          1, '社員/DX事業部 洋室 エアコン有 寮費1700',       1, '2023-09-02 10:00:00', '2023-09-02 10:00:00'),
(10, 10, 3, 'J',  NULL, NULL, '2023-12-30', NULL,          NULL,          0, '社員/1事業部 洋室 エアコン無 寮費1500',        1, '2023-12-30 10:00:00', '2023-12-30 10:00:00'),
(11, 11, 3, 'K',  NULL, NULL, '2024-07-29', '2026-04-28', '2026-04-28', 0, '社員/1事業部 手前洋室 エアコン無 寮費1200',    1, '2024-07-29 10:00:00', '2026-04-28 10:00:00'),
-- ── 豊洲Ｉ寮 ─────────────────────────────────────────────
(12, 12, 2, 'L',  NULL, NULL, '2020-07-01', NULL,          NULL,          1, 'CDXT/2事業部 洋室 エアコン無 寮費1500',        1, '2020-07-01 10:00:00', '2020-07-01 10:00:00'),
(13, 13, 2, 'M',  NULL, NULL, '2019-01-05', NULL,          NULL,          0, 'CDXT/1事業部 手前洋室 エアコン無 寮費1200',    1, '2019-01-05 10:00:00', '2019-01-05 10:00:00'),
(14, 14, 2, 'N',  NULL, NULL, '2023-05-04', NULL,          NULL,          0, 'CDXT/2事業部 洋室(荷物有) エアコン有 寮費1500', 1, '2023-05-04 10:00:00', '2023-05-04 10:00:00'),
-- ── 大島C寮 ──────────────────────────────────────────────
(15, 15, 1, 'O',  NULL, NULL, '2026-03-01', NULL,          '2026-08-31', 0, '瀋陽/2事業部 中和室 エアコン無 寮費1300',      1, '2026-03-01 10:00:00', '2026-03-01 10:00:00'),
(16, 16, 1, 'P',  NULL, NULL, '2026-03-01', NULL,          '2026-08-31', 1, '瀋陽/2事業部 洋室 エアコン有 寮費1700',        1, '2026-03-01 10:00:00', '2026-03-01 10:00:00'),
(17, 17, 1, 'Q',  NULL, NULL, '2026-03-30', NULL,          '2026-08-31', 0, '瀋陽/2事業部 小和室 エアコン無 寮費1200',      1, '2026-03-30 10:00:00', '2026-03-30 10:00:00'),
-- ── 大島D寮 ──────────────────────────────────────────────
(18, 18, 3, 'R',  NULL, NULL, '2025-06-09', NULL,          NULL,          1, '社員/2事業部 洋室 エアコン有 寮費1700',        1, '2025-06-09 10:00:00', '2025-06-09 10:00:00'),
(19, 19, 2, 'S',  NULL, NULL, '2026-02-23', NULL,          NULL,          0, 'CDXT/2事業部 小和室 エアコン無 寮費1200',      1, '2026-02-23 10:00:00', '2026-02-23 10:00:00'),
-- ── 大島E寮 ──────────────────────────────────────────────
(20, 21, 1, 'T',  NULL, NULL, '2026-04-01', NULL,          '2026-07-31', 0, '瀋陽/2事業部 洋室 エアコン有 寮費1700',        1, '2026-04-01 10:00:00', '2026-04-01 10:00:00'),
(21, 22, 1, 'U',  NULL, NULL, '2026-01-31', '2026-04-01', '2026-04-01', 0, '瀋陽/2事業部 小和室 エアコン無 寮費1200',      1, '2026-01-31 10:00:00', '2026-04-01 10:00:00'),
(22, 23, 1, 'V',  NULL, NULL, '2026-04-01', NULL,          '2026-08-31', 0, '瀋陽/2事業部 小和室 エアコン無 寮費1200',      1, '2026-04-01 10:00:00', '2026-04-01 10:00:00'),
(23, 24, 3, 'W',  NULL, NULL, '2024-04-15', NULL,          NULL,          1, '社員/2事業部 中和室 エアコン無 寮費1300',      1, '2024-04-15 10:00:00', '2024-04-15 10:00:00'),
-- ── 大島F寮 ──────────────────────────────────────────────
(24, 25, 4, 'X',  NULL, NULL, '2026-03-07', NULL,          NULL,          0, '大連 中和室 エアコン無 寮費1300',              1, '2026-03-07 10:00:00', '2026-03-07 10:00:00'),
(25, 26, 3, 'Y',  NULL, NULL, '2025-08-27', NULL,          NULL,          1, '社員/1事業部 洋室 エアコン有 寮費1700',        1, '2025-08-27 10:00:00', '2025-08-27 10:00:00'),
(26, 27, 1, 'Z',  NULL, NULL, '2026-03-17', NULL,          '2026-06-30', 0, '瀋陽/2事業部 小部屋 エアコン無 寮費1200',      1, '2026-03-17 10:00:00', '2026-03-17 10:00:00'),
-- ── 大島G寮 ──────────────────────────────────────────────
(27, 28, 3, 'AA', NULL, NULL, '2023-03-27', NULL,          NULL,          1, '社員/1事業部 中和室 エアコン無 寮費1300',      1, '2023-03-27 10:00:00', '2023-03-27 10:00:00'),
(28, 30, 3, 'AB', NULL, NULL, '2025-03-25', NULL,          NULL,          0, '社員/本社事業部 小部屋 エアコン無 寮費1200',   1, '2025-03-25 10:00:00', '2025-03-25 10:00:00'),
-- ── 大島H寮 ──────────────────────────────────────────────
(29, 31, 1, 'AC', NULL, NULL, '2026-03-01', '2026-04-01', '2026-04-01', 0, '瀋陽/2事業部 中和室 エアコン無 寮費1300',      1, '2026-03-01 10:00:00', '2026-04-01 10:00:00'),
(30, 32, 4, 'AD', NULL, NULL, '2026-04-07', NULL,          NULL,          0, '大連/1事業部 中和室 エアコン無 寮費1300',      1, '2026-04-07 10:00:00', '2026-04-07 10:00:00'),
(31, 33, 1, 'AE', NULL, NULL, '2026-03-01', '2026-04-01', '2026-04-01', 0, '瀋陽/2事業部 洋室 エアコン有 寮費1700',        1, '2026-03-01 10:00:00', '2026-04-01 10:00:00'),
(32, 34, 4, 'AF', NULL, NULL, '2026-04-07', NULL,          NULL,          1, '大連/1事業部 洋室 エアコン有 寮費1700',        1, '2026-04-07 10:00:00', '2026-04-07 10:00:00'),
(33, 35, 4, 'AG', NULL, NULL, '2026-04-07', NULL,          NULL,          0, '大連/1事業部 小部屋 エアコン無 寮費1200',      1, '2026-04-07 10:00:00', '2026-04-07 10:00:00'),
-- ── 青砥A寮 ──────────────────────────────────────────────
(34, 36, 1, 'AH', NULL, NULL, '2025-11-30', '2026-04-30', '2026-04-30', 0, '瀋陽/2事業部 中和室 エアコン無 寮費1300',      1, '2025-11-30 10:00:00', '2026-04-30 10:00:00'),
(35, 37, 4, 'AI', NULL, NULL, '2025-03-02', NULL,          NULL,          1, '大連/1事業部 洋室 エアコン有 寮費1700',        1, '2025-03-02 10:00:00', '2025-03-02 10:00:00'),
(36, 38, 1, 'AJ', NULL, NULL, '2025-12-02', '2026-04-01', '2026-04-01', 0, '瀋陽/2事業部 小部屋 エアコン無 寮費1200',      1, '2025-12-02 10:00:00', '2026-04-01 10:00:00'),
-- ── 大阪B寮 ──────────────────────────────────────────────
(37, 39, 3, 'AK', NULL, NULL, '2023-03-30', NULL,          NULL,          1, '社員/DX事業部 洋室 エアコン有 寮費1400',       1, '2023-03-30 10:00:00', '2023-03-30 10:00:00'),
-- ── 大阪C寮 ──────────────────────────────────────────────
(38, 40, 3, 'AL', NULL, NULL, '2020-08-06', NULL,          NULL,          1, '社員/DX事業部 洋室 エアコン有 寮費1400',       1, '2020-08-06 10:00:00', '2020-08-06 10:00:00'),
-- ── 大阪D寮 ──────────────────────────────────────────────
(39, 41, 4, 'AM', NULL, NULL, '2026-03-01', NULL,          NULL,          1, '大連 洋室 寮費1400',                           1, '2026-03-01 10:00:00', '2026-03-01 10:00:00');

-- ============================================================
-- equipment（41件：部屋ごとに1件、エアコン有無を attributes に格納）
-- ============================================================
INSERT INTO `equipment` (`id`, `room_id`, `attributes`, `version`, `created_at`, `updated_at`) VALUES
-- 豊洲C寮
( 1,  1, '{"ac":false,"ac_model":null}', 1, '2026-04-01 09:00:00', '2026-04-01 09:00:00'),  -- 洋室A    AC無
( 2,  2, '{"ac":true,"ac_model":null}',  1, '2026-04-01 09:00:00', '2026-04-01 09:00:00'),  -- 洋室B    AC有
( 3,  3, '{"ac":false,"ac_model":null}', 1, '2026-04-01 09:00:00', '2026-04-01 09:00:00'),  -- 手前洋室C
( 4,  4, '{"ac":false,"ac_model":null}', 1, '2026-04-01 09:00:00', '2026-04-01 09:00:00'),  -- 手前洋室D
-- 豊洲D寮
( 5,  5, '{"ac":true,"ac_model":null}',  1, '2026-04-01 09:00:00', '2026-04-01 09:00:00'),  -- 洋室E    AC有
( 6,  6, '{"ac":false,"ac_model":null}', 1, '2026-04-01 09:00:00', '2026-04-01 09:00:00'),  -- 洋室F
( 7,  7, '{"ac":false,"ac_model":null}', 1, '2026-04-01 09:00:00', '2026-04-01 09:00:00'),  -- 洋室G
( 8,  8, '{"ac":false,"ac_model":null}', 1, '2026-04-01 09:00:00', '2026-04-01 09:00:00'),  -- 手前洋室H
-- 豊洲H寮
( 9,  9, '{"ac":true,"ac_model":null}',  1, '2026-04-01 09:00:00', '2026-04-01 09:00:00'),  -- 洋室I    AC有
(10, 10, '{"ac":false,"ac_model":null}', 1, '2026-04-01 09:00:00', '2026-04-01 09:00:00'),  -- 洋室J
(11, 11, '{"ac":false,"ac_model":null}', 1, '2026-04-01 09:00:00', '2026-04-01 09:00:00'),  -- 手前洋室K
-- 豊洲Ｉ寮
(12, 12, '{"ac":false,"ac_model":null}', 1, '2026-04-01 09:00:00', '2026-04-01 09:00:00'),  -- 洋室L
(13, 13, '{"ac":false,"ac_model":null}', 1, '2026-04-01 09:00:00', '2026-04-01 09:00:00'),  -- 手前洋室M
(14, 14, '{"ac":true,"ac_model":null}',  1, '2026-04-01 09:00:00', '2026-04-01 09:00:00'),  -- 洋室N    AC有
-- 大島C寮
(15, 15, '{"ac":false,"ac_model":null}', 1, '2026-04-01 09:00:00', '2026-04-01 09:00:00'),  -- 中和室O
(16, 16, '{"ac":true,"ac_model":null}',  1, '2026-04-01 09:00:00', '2026-04-01 09:00:00'),  -- 洋室P    AC有
(17, 17, '{"ac":false,"ac_model":null}', 1, '2026-04-01 09:00:00', '2026-04-01 09:00:00'),  -- 小和室Q
-- 大島D寮
(18, 18, '{"ac":true,"ac_model":null}',  1, '2026-04-01 09:00:00', '2026-04-01 09:00:00'),  -- 洋室R    AC有
(19, 19, '{"ac":false,"ac_model":null}', 1, '2026-04-01 09:00:00', '2026-04-01 09:00:00'),  -- 小和室S
(20, 20, '{"ac":false,"ac_model":null}', 1, '2026-04-01 09:00:00', '2026-04-01 09:00:00'),  -- 中和室(空室)
-- 大島E寮
(21, 21, '{"ac":true,"ac_model":null}',  1, '2026-04-01 09:00:00', '2026-04-01 09:00:00'),  -- 洋室T    AC有
(22, 22, '{"ac":false,"ac_model":null}', 1, '2026-04-01 09:00:00', '2026-04-01 09:00:00'),  -- 小和室U
(23, 23, '{"ac":false,"ac_model":null}', 1, '2026-04-01 09:00:00', '2026-04-01 09:00:00'),  -- 小和室V
(24, 24, '{"ac":false,"ac_model":null}', 1, '2026-04-01 09:00:00', '2026-04-01 09:00:00'),  -- 中和室W
-- 大島F寮
(25, 25, '{"ac":false,"ac_model":null}', 1, '2026-04-01 09:00:00', '2026-04-01 09:00:00'),  -- 中和室X
(26, 26, '{"ac":true,"ac_model":null}',  1, '2026-04-01 09:00:00', '2026-04-01 09:00:00'),  -- 洋室Y    AC有
(27, 27, '{"ac":false,"ac_model":null}', 1, '2026-04-01 09:00:00', '2026-04-01 09:00:00'),  -- 小部屋Z
-- 大島G寮
(28, 28, '{"ac":false,"ac_model":null}', 1, '2026-04-01 09:00:00', '2026-04-01 09:00:00'),  -- 中和室AA
(29, 29, '{"ac":true,"ac_model":null}',  1, '2026-04-01 09:00:00', '2026-04-01 09:00:00'),  -- 洋室(空室) AC有
(30, 30, '{"ac":false,"ac_model":null}', 1, '2026-04-01 09:00:00', '2026-04-01 09:00:00'),  -- 小部屋AB
-- 大島H寮
(31, 31, '{"ac":false,"ac_model":null}', 1, '2026-04-01 09:00:00', '2026-04-01 09:00:00'),  -- 中和室AC
(32, 32, '{"ac":false,"ac_model":null}', 1, '2026-04-01 09:00:00', '2026-04-01 09:00:00'),  -- 中和室AD
(33, 33, '{"ac":true,"ac_model":null}',  1, '2026-04-01 09:00:00', '2026-04-01 09:00:00'),  -- 洋室AE   AC有
(34, 34, '{"ac":true,"ac_model":null}',  1, '2026-04-01 09:00:00', '2026-04-01 09:00:00'),  -- 洋室AF   AC有
(35, 35, '{"ac":false,"ac_model":null}', 1, '2026-04-01 09:00:00', '2026-04-01 09:00:00'),  -- 小部屋AG
-- 青砥A寮
(36, 36, '{"ac":false,"ac_model":null}', 1, '2026-04-01 09:00:00', '2026-04-01 09:00:00'),  -- 中和室AH
(37, 37, '{"ac":true,"ac_model":null}',  1, '2026-04-01 09:00:00', '2026-04-01 09:00:00'),  -- 洋室AI   AC有
(38, 38, '{"ac":false,"ac_model":null}', 1, '2026-04-01 09:00:00', '2026-04-01 09:00:00'),  -- 小部屋AJ
-- 大阪B寮
(39, 39, '{"ac":true,"ac_model":null}',  1, '2026-04-01 09:00:00', '2026-04-01 09:00:00'),  -- 洋室AK   AC有
-- 大阪C寮
(40, 40, '{"ac":true,"ac_model":null}',  1, '2026-04-01 09:00:00', '2026-04-01 09:00:00'),  -- 洋室AL   AC有
-- 大阪D寮
(41, 41, '{"ac":false,"ac_model":null}', 1, '2026-04-01 09:00:00', '2026-04-01 09:00:00');  -- 洋室AM

-- ============================================================
-- sys_users（管理者アカウント admin / Admin@123）
-- ============================================================
INSERT INTO `sys_users` (`username`, `password`, `real_name`, `role`, `status`)
VALUES ('admin', '$2b$10$BBjpzAz6eCCaTIsZD6.yDuV33tKakMzCGxY9JLbs27fGcvaxyTLZS', 'システム管理者', 'admin', 1);

-- ============================================================
-- 終了
-- ============================================================
