-- ============================================================
-- 社員寮管理システム — データリセット＆Excelサンプルデータ投入
-- 根拠：寮割_サンプル_A.xlsx（豊洲C寮・D寮・H寮）
-- 生成日：2026-06-06  sql-generator準拠
-- ============================================================

SET NAMES utf8mb4;
SET FOREIGN_KEY_CHECKS = 0;

-- ① 全テーブルリセット（FK逆順）
TRUNCATE TABLE `fees`;
TRUNCATE TABLE `equipment_storage`;
TRUNCATE TABLE `equipment_processes`;
TRUNCATE TABLE `equipment`;
TRUNCATE TABLE `residence_histories`;
TRUNCATE TABLE `rooms`;
TRUNCATE TABLE `dormitories`;
TRUNCATE TABLE `departments`;
TRUNCATE TABLE `regions`;
TRUNCATE TABLE `operation_logs`;
TRUNCATE TABLE `sys_users`;

SET FOREIGN_KEY_CHECKS = 1;

-- ============================================================
-- regions（Excel出典：豊洲エリア = 東京）
-- ============================================================
INSERT INTO `regions` (`id`, `name`, `sort_order`, `created_at`, `updated_at`) VALUES
(1, '東京',   1, '2026-04-01 09:00:00', '2026-04-01 09:00:00'),
(2, '大阪',   2, '2026-04-01 09:00:00', '2026-04-01 09:00:00'),
(3, '名古屋', 3, '2026-04-01 09:00:00', '2026-04-01 09:00:00'),
(4, 'その他', 4, '2026-04-01 09:00:00', '2026-04-01 09:00:00'),
(5, '福岡',   5, '2026-04-01 09:00:00', '2026-04-01 09:00:00');

-- ============================================================
-- departments（Excel出典：所属列より）
-- ============================================================
INSERT INTO `departments` (`id`, `name`, `sort_order`, `created_at`, `updated_at`) VALUES
(1, '瀋陽',     1, '2026-04-01 09:00:00', '2026-04-01 09:00:00'),
(2, 'CDXT',     2, '2026-04-01 09:00:00', '2026-04-01 09:00:00'),
(3, '社員',     3, '2026-04-01 09:00:00', '2026-04-01 09:00:00'),
(4, 'DX事業部', 4, '2026-04-01 09:00:00', '2026-04-01 09:00:00'),
(5, '総務部',   5, '2026-04-01 09:00:00', '2026-04-01 09:00:00');

-- ============================================================
-- dormitories（Excel出典：寮名・住所・寮費）
-- daily_rate はエアコン無し洋室の基本料金を採用
-- ============================================================
INSERT INTO `dormitories` (`id`, `region_id`, `name`, `address`, `daily_rate`, `sort_order`, `version`, `created_at`, `updated_at`) VALUES
(1, 1, '豊洲C寮', '東京都江東区豊洲４－１０－４号棟－８０２', 1500.00, 1, 1, '2026-04-01 09:00:00', '2026-04-01 09:00:00'),
(2, 1, '豊洲D寮', '東京都江東区豊洲４－１０－４号棟－９１０', 1500.00, 2, 1, '2026-04-01 09:00:00', '2026-04-01 09:00:00'),
(3, 1, '豊洲H寮', '東京都江東区豊洲４－１０－４号棟－１３０６', 1700.00, 3, 1, '2026-04-01 09:00:00', '2026-04-01 09:00:00'),
(4, 2, '大阪第一寮', '大阪府大阪市北区梅田1-1-1', 1200.00, 4, 1, '2026-04-01 09:00:00', '2026-04-01 09:00:00'),
(5, 3, '名古屋寮', '愛知県名古屋市中村区2-2-2', 1000.00, 5, 1, '2026-04-01 09:00:00', '2026-04-01 09:00:00');

-- ============================================================
-- rooms（Excel出典：部屋詳細列より）
-- ============================================================
INSERT INTO `rooms` (`id`, `dormitory_id`, `name`, `capacity`, `version`, `created_at`, `updated_at`) VALUES
(1, 1, '洋室A',     1, 1, '2026-04-01 09:00:00', '2026-04-01 09:00:00'),  -- 豊洲C寮 入居者A
(2, 1, '洋室B',     1, 1, '2026-04-01 09:00:00', '2026-04-01 09:00:00'),  -- 豊洲C寮 入居者B（AC有）
(3, 2, '洋室E',     1, 1, '2026-04-01 09:00:00', '2026-04-01 09:00:00'),  -- 豊洲D寮 入居者E（AC有）
(4, 2, '手前洋室H', 1, 1, '2026-04-01 09:00:00', '2026-04-01 09:00:00'),  -- 豊洲D寮 入居者H
(5, 3, '洋室I',     1, 1, '2026-04-01 09:00:00', '2026-04-01 09:00:00');  -- 豊洲H寮 入居者I（AC有）

-- ============================================================
-- residence_histories（Excel 5名分：A・B・E・H・I）
-- ============================================================
INSERT INTO `residence_histories`
  (`id`, `room_id`, `department_id`, `resident_name`, `check_in_date`, `check_out_date`, `is_responsible`, `remarks`, `version`, `created_at`, `updated_at`)
VALUES
(1, 1, 1, 'A', '2025-11-30', '2026-04-22', 0, '瀋陽/2事業部 洋室 エアコン無 寮費1500',  1, '2025-11-30 10:00:00', '2025-11-30 10:00:00'),
(2, 2, 2, 'B', '2024-08-30', NULL,          1, 'CDXT/1事業部 洋室 エアコン有 寮費1700',  1, '2024-08-30 10:00:00', '2024-08-30 10:00:00'),
(3, 3, 1, 'E', '2026-03-01', '2026-07-31', 0, '瀋陽/2事業部 洋室 エアコン有 寮費1700',  1, '2026-03-01 10:00:00', '2026-03-01 10:00:00'),
(4, 4, 3, 'H', '2024-07-04', NULL,          1, '社員/1事業部 手前洋室 エアコン無 寮費1200', 1, '2024-07-04 10:00:00', '2024-07-04 10:00:00'),
(5, 5, 4, 'I', '2023-09-02', NULL,          0, '社員/DX事業部 洋室 エアコン有 寮費1700', 1, '2023-09-02 10:00:00', '2023-09-02 10:00:00');

-- ============================================================
-- equipment（Excel エアコン列より：B・E・I の部屋はエアコン有）
-- ============================================================
INSERT INTO `equipment` (`id`, `room_id`, `attributes`, `version`, `created_at`, `updated_at`) VALUES
(1, 1, '{"ac":false,"ac_model":null}',              1, '2026-04-01 09:00:00', '2026-04-01 09:00:00'),  -- 洋室A エアコン無
(2, 2, '{"ac":true,"ac_model":"Panasonic CS-221"}', 1, '2026-04-01 09:00:00', '2026-04-01 09:00:00'),  -- 洋室B エアコン有
(3, 3, '{"ac":true,"ac_model":"Daikin S22ATBS"}',   1, '2026-04-01 09:00:00', '2026-04-01 09:00:00'),  -- 洋室E エアコン有
(4, 4, '{"ac":false,"ac_model":null}',              1, '2026-04-01 09:00:00', '2026-04-01 09:00:00'),  -- 手前洋室H エアコン無
(5, 5, '{"ac":true,"ac_model":"Hitachi RAS-AJ22"}', 1, '2026-04-01 09:00:00', '2026-04-01 09:00:00');  -- 洋室I エアコン有

-- ============================================================
-- sys_users（管理者アカウント admin / Admin@123）
-- ============================================================
INSERT INTO `sys_users` (`username`, `password`, `real_name`, `role`, `status`)
VALUES ('admin', '$2b$10$BBjpzAz6eCCaTIsZD6.yDuV33tKakMzCGxY9JLbs27fGcvaxyTLZS', 'システム管理者', 'admin', 1);

-- ============================================================
-- 終了
-- ============================================================
